Date,Open,High,Low,Last,Close,Total Trade Quantity,Turnover (Lacs)
2009-02-20,16.15,16.15,11.55,14.0,13.95,1062.0,0.15
2009-02-24,13.95,13.95,13.5,13.95,13.85,8669.0,1.19
2009-02-25,13.75,14.2,12.8,13.5,13.8,11396.0,1.56
2009-02-26,14.45,14.45,13.55,13.95,13.75,3699.0,0.51
2009-02-27,13.2,13.5,13.2,13.5,13.5,450.0,0.06
2009-03-02,13.9,13.9,12.8,12.8,12.8,30758.0,4.07
2009-03-03,13.0,13.0,13.0,13.0,13.0,50.0,0.01
2009-03-04,12.5,12.9,11.3,12.9,12.9,2107.0,0.25
2009-03-05,11.8,12.0,11.35,11.35,11.95,3321.0,0.4
2009-03-06,12.45,12.9,11.55,11.9,11.9,3371.0,0.41
2009-03-09,12.05,12.9,12.0,12.0,12.0,1505.0,0.19
2009-03-12,12.8,12.8,11.2,11.2,11.2,3150.0,0.36
2009-03-13,12.35,12.7,11.3,11.6,11.6,1938.0,0.24
2009-03-16,11.25,11.55,11.25,11.55,11.55,1210.0,0.14
2009-03-17,11.55,12.0,11.5,11.5,11.5,2521.0,0.29
2009-03-18,11.85,11.85,11.6,11.6,11.75,210.0,0.02
2009-03-19,12.0,12.3,11.5,11.5,12.0,2309.0,0.28
2009-03-20,11.4,11.6,11.0,11.6,11.6,19302.0,2.15
2009-03-23,11.0,12.35,11.0,11.25,11.25,1099.0,0.13
2009-03-24,11.5,11.9,11.0,11.05,11.05,5549.0,0.62
2009-03-25,11.0,12.0,10.8,11.7,11.7,10281.0,1.17
2009-03-26,11.15,12.0,11.15,11.6,11.6,1222.0,0.14
2009-03-27,11.55,12.0,11.5,11.8,11.9,1162.0,0.14
2009-03-30,12.95,12.95,11.1,11.3,11.3,6934.0,0.79
2009-03-31,11.5,11.95,11.15,11.25,11.25,10706.0,1.21
2009-04-01,11.3,11.4,11.25,11.4,11.4,8193.0,0.93
2009-04-02,11.2,12.3,11.2,12.3,12.0,6692.0,0.78
2009-04-06,13.0,13.0,11.3,11.9,11.9,2260.0,0.27
2009-04-08,11.05,12.4,11.05,11.65,11.75,2621.0,0.31
2009-04-09,12.0,12.95,11.6,12.15,12.6,10424.0,1.26
2009-04-13,13.5,13.85,12.4,13.85,13.45,2682.0,0.35
2009-04-15,13.85,14.2,13.05,13.65,13.75,8560.0,1.19
2009-04-16,13.0,14.95,13.0,13.0,13.25,4616.0,0.63
2009-04-17,13.1,14.15,13.1,13.95,13.95,770.0,0.1
2009-04-20,16.0,16.0,13.8,14.45,14.35,4245.0,0.61
2009-04-21,13.0,14.8,13.0,14.6,14.5,5805.0,0.84
2009-04-22,14.6,14.8,14.05,14.4,14.2,4718.0,0.68
2009-04-23,14.0,14.55,13.8,14.4,14.4,5429.0,0.79
2009-04-24,14.0,14.6,13.4,14.2,14.2,1246.0,0.18
2009-04-27,14.0,15.0,14.0,14.6,14.4,2204.0,0.32
2009-04-28,14.2,14.3,13.5,14.3,13.8,1062.0,0.14
2009-04-29,14.0,14.75,14.0,14.75,14.55,5039.0,0.74
2009-05-04,14.0,15.85,13.65,14.5,14.25,4771.0,0.68
2009-05-05,14.0,14.15,13.55,13.55,13.95,7107.0,1.0
2009-05-06,12.15,16.5,12.15,14.25,14.25,4871.0,0.71
2009-05-07,13.5,14.0,12.6,13.0,13.0,8252.0,1.08
2009-05-08,13.4,13.6,13.05,13.6,13.35,7175.0,0.95
2009-05-11,13.55,13.75,13.0,13.1,13.6,1324.0,0.18
2009-05-12,12.5,13.5,12.5,13.1,13.1,2007.0,0.26
2009-05-13,13.1,14.9,12.5,14.9,13.65,6603.0,0.89
2009-05-14,13.0,13.5,12.95,13.5,13.5,1436.0,0.19
2009-05-15,13.0,13.7,13.0,13.7,13.65,2214.0,0.3
2009-05-19,13.7,14.5,13.7,14.0,14.0,3317.0,0.47
2009-05-20,13.7,15.4,13.7,15.2,15.2,5091.0,0.76
2009-05-21,15.0,18.25,15.0,15.3,15.45,39323.0,6.5
2009-05-22,15.3,16.65,15.15,16.65,16.25,5195.0,0.83
2009-05-25,17.0,18.0,15.4,17.5,17.55,35903.0,5.89
2009-05-26,16.8,18.0,16.8,17.5,17.1,8194.0,1.44
2009-05-27,17.25,18.0,16.1,17.1,17.3,3227.0,0.56
2009-05-28,18.0,18.8,17.15,18.3,18.55,22439.0,4.08
2009-05-29,18.7,22.3,18.55,22.3,22.3,70091.0,15.11
2009-06-01,24.3,24.55,22.6,24.55,24.55,45903.0,11.16
2009-06-02,27.05,27.05,23.85,27.05,27.05,42492.0,11.15
2009-06-03,29.7,29.8,28.0,29.8,29.8,60001.0,17.76
2009-06-04,30.9,30.9,27.75,28.15,28.1,31796.0,9.26
2009-06-05,28.1,28.95,27.6,28.0,28.1,47726.0,13.49
2009-06-08,27.55,28.8,27.5,28.3,28.35,52241.0,14.82
2009-06-09,28.35,29.3,27.5,28.9,28.45,37068.0,10.55
2009-06-10,29.6,29.8,27.2,28.35,28.0,26039.0,7.46
2009-06-11,28.0,28.0,26.6,27.05,27.35,23646.0,6.37
2009-06-12,28.75,28.75,27.0,27.9,27.1,4596.0,1.26
2009-06-15,25.8,27.0,25.75,26.0,26.15,4315.0,1.12
2009-06-16,25.5,25.95,25.05,25.1,25.1,975.0,0.25
2009-06-17,25.95,25.95,24.0,24.0,24.0,3190.0,0.78
2009-06-18,23.0,24.0,23.0,23.1,23.1,2039.0,0.48
2009-06-19,23.5,23.8,22.3,22.9,22.9,4145.0,0.94
2009-06-22,23.4,23.4,22.2,22.3,22.3,872.0,0.19
2009-06-23,21.5,22.0,21.45,21.8,21.85,4161.0,0.91
2009-06-24,20.95,22.0,20.9,21.9,21.9,3157.0,0.66
2009-06-25,22.5,22.65,21.75,22.15,22.2,4545.0,1.02
2009-06-26,21.2,23.15,21.2,22.0,22.0,869.0,0.19
2009-06-29,22.0,22.0,21.0,21.4,21.5,4509.0,0.98
2009-06-30,21.5,22.5,21.5,22.4,22.4,2099.0,0.46
2009-07-01,22.05,22.25,22.05,22.25,22.25,282.0,0.06
2009-07-02,22.25,22.25,22.2,22.2,22.2,651.0,0.14
2009-07-03,22.25,22.95,22.25,22.25,22.35,2957.0,0.67
2009-07-06,22.95,22.95,21.55,21.55,21.85,3911.0,0.87
2009-07-07,22.0,22.0,21.15,21.95,21.3,1256.0,0.27
2009-07-08,21.1,21.1,20.35,21.1,21.1,1551.0,0.32
2009-07-09,20.1,20.1,20.05,20.05,20.05,650.0,0.13
2009-07-10,19.05,19.9,19.05,19.1,19.7,1381.0,0.27
2009-07-13,18.75,18.75,18.75,18.75,18.75,625.0,0.12
2009-07-14,19.0,19.0,17.85,18.85,18.35,3075.0,0.56
2009-07-15,18.25,19.0,18.0,18.95,18.95,734.0,0.13
2009-07-16,18.0,19.9,18.0,19.3,18.6,2011.0,0.38
2009-07-17,18.0,19.0,17.75,19.0,18.45,6640.0,1.21
2009-07-20,18.2,19.4,18.2,19.0,19.0,537.0,0.1
2009-07-21,19.2,19.9,19.05,19.05,19.15,2624.0,0.51
2009-07-22,19.05,19.95,19.05,19.05,19.1,225.0,0.04
2009-07-23,18.25,19.5,18.25,18.95,18.4,3738.0,0.69
2009-07-24,18.95,19.0,18.3,18.5,18.5,5481.0,1.02
2009-07-27,18.05,18.95,17.8,18.95,18.75,12877.0,2.34
2009-07-28,18.0,19.35,18.0,19.3,19.25,2376.0,0.44
2009-07-29,18.65,18.65,18.55,18.65,18.55,1018.0,0.19
2009-07-30,18.05,18.55,18.05,18.55,18.55,133.0,0.02
2009-07-31,17.95,19.0,17.9,18.45,18.55,2240.0,0.42
2009-08-03,17.95,19.0,17.95,19.0,19.0,609.0,0.11
2009-08-04,19.0,19.0,18.25,19.0,19.0,807.0,0.15
2009-08-05,18.35,19.4,18.35,19.4,19.4,562.0,0.1
2009-08-06,19.0,19.35,18.5,19.0,18.9,2345.0,0.44
2009-08-07,18.5,18.75,18.0,18.75,18.75,5521.0,1.0
2009-08-10,18.0,18.0,17.85,18.0,17.9,4220.0,0.76
2009-08-11,17.5,18.3,17.15,17.65,17.65,1430.0,0.25
2009-08-12,17.0,18.0,17.0,17.1,17.1,1396.0,0.24
2009-08-13,18.0,18.0,17.5,18.0,18.0,2410.0,0.43
2009-08-14,18.3,18.8,18.3,18.7,18.7,1780.0,0.33
2009-08-17,18.9,19.2,18.55,18.55,18.85,5405.0,1.02
2009-08-18,18.25,19.8,18.25,19.8,19.8,1446.0,0.28
2009-08-19,19.1,20.8,19.1,20.1,20.1,7364.0,1.47
2009-08-20,20.6,21.15,20.4,21.1,21.0,1747.0,0.36
2009-08-21,20.6,22.05,20.6,22.05,22.05,3730.0,0.82
2009-08-24,22.5,23.15,21.55,23.1,23.1,8162.0,1.87
2009-08-25,22.1,24.3,22.1,24.3,23.85,8607.0,2.02
2009-08-26,24.0,25.05,24.0,25.05,25.05,7337.0,1.82
2009-08-27,26.0,26.3,25.55,26.3,25.7,9283.0,2.41
2009-08-28,26.75,26.75,24.45,24.9,24.9,8288.0,2.07
2009-08-31,23.8,25.0,23.65,23.75,23.95,4949.0,1.2
2009-09-01,23.5,24.5,23.4,23.55,23.55,1912.0,0.45
2009-09-02,23.55,24.45,23.5,23.95,23.9,4390.0,1.04
2009-09-03,24.0,24.0,23.05,23.05,23.3,3388.0,0.79
2009-09-04,23.0,24.4,22.55,23.6,23.75,7157.0,1.66
2009-09-07,23.5,24.5,23.0,23.0,23.25,7723.0,1.84
2009-09-08,24.0,24.05,22.95,23.1,23.1,7488.0,1.74
2009-09-09,22.6,23.35,22.5,22.8,22.9,3530.0,0.8
2009-09-10,24.0,24.05,23.65,24.05,24.05,23279.0,5.59
2009-09-11,24.65,24.7,23.2,23.3,23.3,10532.0,2.49
2009-09-14,24.45,24.45,22.6,23.6,24.1,7030.0,1.66
2009-09-15,24.0,25.35,24.0,25.35,25.35,31595.0,7.96
2009-09-16,26.65,26.65,26.65,26.65,26.65,5825.0,1.55
2009-09-17,28.0,28.0,26.55,26.6,26.9,52839.0,14.67
2009-09-18,26.6,27.0,25.55,26.05,26.15,20791.0,5.42
2009-09-22,27.05,27.05,25.55,25.7,25.75,273392.0,70.48
2009-09-23,25.75,26.75,25.75,26.3,26.3,20720.0,5.47
2009-09-24,26.0,27.0,26.0,27.0,26.95,5650.0,1.5
2009-09-25,26.4,27.0,26.05,26.4,26.25,20785.0,5.54
2009-09-29,25.8,26.8,25.35,25.35,25.75,10859.0,2.82
2009-09-30,25.6,26.15,25.2,25.4,25.4,3694.0,0.95
2009-10-01,26.0,26.0,25.1,25.3,25.55,4368.0,1.12
2009-10-05,25.15,26.2,24.6,24.6,25.1,6522.0,1.64
2009-10-06,25.25,25.5,24.6,25.5,25.0,7677.0,1.92
2009-10-07,25.0,25.6,24.6,25.2,25.4,16161.0,4.08
2009-10-08,25.25,26.0,25.25,26.0,25.6,4194.0,1.07
2009-10-09,25.05,26.8,25.05,26.4,26.05,24102.0,6.34
2009-10-12,25.9,26.75,25.5,26.75,26.65,19076.0,5.07
2009-10-14,27.75,28.0,25.7,26.65,26.6,33598.0,8.96
2009-10-15,26.4,26.65,25.65,26.5,26.6,18704.0,4.94
2009-10-16,26.65,27.0,25.6,25.6,25.9,25862.0,6.81
2009-10-17,26.95,27.0,25.8,27.0,26.7,16888.0,4.5
2009-10-20,26.1,26.65,25.8,26.5,26.1,20206.0,5.35
2009-10-21,26.5,27.0,26.15,26.15,26.65,16376.0,4.36
2009-10-22,26.2,26.9,25.9,26.65,26.0,22528.0,5.97
2009-10-23,26.9,27.0,26.05,26.5,26.5,30720.0,8.16
2009-10-26,26.2,26.65,26.15,26.55,26.6,19060.0,5.06
2009-10-27,26.05,26.45,25.65,26.3,26.3,17982.0,4.73
2009-10-28,25.65,25.9,25.0,25.15,25.35,23964.0,6.07
2009-10-29,24.5,24.5,24.1,24.4,24.4,1024.0,0.25
2009-10-30,24.2,25.35,24.2,24.25,24.4,62682.0,15.39
2009-11-03,23.55,24.6,23.5,23.5,23.7,3787.0,0.9
2009-11-04,23.35,24.2,23.0,23.5,23.3,7060.0,1.66
2009-11-05,22.7,23.5,22.5,22.6,22.85,6708.0,1.53
2009-11-06,22.85,23.85,22.85,23.85,23.7,4298.0,1.01
2009-11-09,24.0,24.6,23.25,23.7,23.7,2254.0,0.54
2009-11-10,23.7,24.95,23.7,24.05,24.05,3132.0,0.76
2009-11-11,24.25,25.35,24.25,25.25,25.1,3871.0,0.96
2009-11-12,24.6,26.25,24.6,25.45,25.4,3062.0,0.78
2009-11-13,25.05,25.7,24.35,25.5,25.3,8673.0,2.18
2009-11-16,25.05,26.05,24.7,24.9,24.9,10639.0,2.69
2009-11-17,25.0,25.65,24.45,25.1,24.9,6704.0,1.67
2009-11-18,24.65,25.75,24.65,25.0,25.05,4150.0,1.05
2009-11-19,26.25,26.3,24.8,24.95,24.95,5754.0,1.45
2009-11-20,24.85,25.45,24.75,24.8,24.8,4264.0,1.07
2009-11-23,25.8,25.8,24.1,25.0,24.85,3610.0,0.9
2009-11-24,24.75,25.0,23.1,23.35,23.75,10483.0,2.53
2009-11-25,23.25,24.3,22.55,22.55,23.05,3881.0,0.9
2009-11-26,24.1,24.1,22.85,23.45,23.0,6072.0,1.41
2009-11-27,23.85,23.85,22.15,22.5,22.5,5818.0,1.33
2009-11-30,23.0,24.6,23.0,24.0,23.5,4340.0,1.03
2009-12-01,23.6,23.9,23.0,23.75,23.25,6298.0,1.48
2009-12-02,24.8,24.8,23.0,23.85,23.55,6976.0,1.67
2009-12-03,23.35,24.25,23.35,23.85,23.6,4489.0,1.07
2009-12-04,24.45,24.45,22.75,22.85,23.2,3054.0,0.72
2009-12-07,23.85,23.95,22.95,23.65,23.65,3519.0,0.83
2009-12-08,24.1,24.15,23.1,23.65,23.3,3207.0,0.76
2009-12-09,24.0,24.0,23.35,24.0,23.9,4919.0,1.17
2009-12-10,24.2,24.5,23.7,24.1,24.15,3867.0,0.93
2009-12-11,24.5,24.95,23.25,23.9,23.55,7499.0,1.79
2009-12-14,24.2,25.4,23.6,25.4,24.9,6361.0,1.56
2009-12-15,24.3,25.5,23.8,24.8,24.8,3973.0,0.96
2009-12-16,24.7,24.7,24.0,24.4,24.15,2805.0,0.68
2009-12-17,24.9,24.9,23.2,24.0,23.55,8676.0,2.09
2009-12-18,24.55,25.7,23.7,24.35,24.35,3669.0,0.89
2009-12-21,25.05,25.05,24.0,24.7,24.55,4972.0,1.22
2009-12-22,24.5,25.05,24.15,24.2,24.3,5007.0,1.22
2009-12-23,24.9,25.55,24.0,24.5,24.15,8090.0,1.98
2009-12-24,24.9,25.2,23.65,23.65,23.8,6339.0,1.54
2009-12-29,24.5,24.95,23.65,24.4,24.4,5534.0,1.34
2009-12-30,24.9,24.9,23.65,24.4,24.5,4352.0,1.06
2009-12-31,25.0,25.0,23.7,24.45,23.9,3761.0,0.91
2010-01-04,24.55,24.95,24.0,24.25,24.3,6170.0,1.51
2010-01-05,24.75,25.9,24.15,24.15,24.35,11720.0,2.88
2010-01-06,24.8,24.9,23.6,24.0,23.7,4834.0,1.17
2010-01-07,24.45,24.5,23.4,23.7,23.85,6438.0,1.54
2010-01-08,24.45,24.8,24.0,24.3,24.3,3114.0,0.76
2010-01-11,24.75,25.0,24.5,24.65,24.65,7325.0,1.82
2010-01-12,25.0,26.7,25.0,25.65,25.15,14750.0,3.77
2010-01-13,25.8,25.9,25.0,25.9,25.25,8969.0,2.28
2010-01-14,25.85,26.25,25.1,25.75,25.85,9348.0,2.42
2010-01-15,26.1,26.75,25.4,25.6,25.65,8876.0,2.29
2010-01-18,25.3,25.95,24.05,25.35,24.9,8729.0,2.21
2010-01-19,25.5,27.2,25.05,25.95,25.7,16951.0,4.46
2010-01-20,25.25,26.55,25.25,25.3,25.45,3459.0,0.88
2010-01-21,25.9,26.0,24.5,24.5,24.8,7215.0,1.81
2010-01-22,25.45,25.45,24.0,24.45,24.45,5277.0,1.3
2010-01-25,25.0,25.9,24.0,24.05,24.4,9557.0,2.33
2010-01-27,25.1,25.2,22.9,22.9,23.1,13288.0,3.14
2010-01-28,24.25,24.5,22.35,22.75,22.75,6997.0,1.65
2010-01-29,23.7,24.0,21.5,23.0,22.8,2772.0,0.64
2010-02-01,23.55,24.0,22.85,23.8,23.8,2654.0,0.63
2010-02-02,23.0,25.5,23.0,23.9,23.9,1756.0,0.43
2010-02-03,23.9,24.95,23.0,23.2,23.2,4312.0,1.01
2010-02-04,24.2,27.85,23.1,26.85,26.8,248648.0,67.56
2010-02-05,26.4,30.05,25.05,25.75,25.9,63404.0,16.67
2010-02-06,27.5,29.0,25.55,26.7,26.85,3793.0,1.02
2010-02-08,25.1,26.95,25.1,26.95,26.45,5911.0,1.55
2010-02-09,27.0,27.0,25.55,26.5,26.1,1872.0,0.49
2010-02-10,26.5,27.15,25.2,25.85,25.75,9017.0,2.34
2010-02-11,24.75,25.9,24.15,24.4,24.45,7450.0,1.85
2010-02-15,25.75,25.75,24.05,24.5,24.45,8909.0,2.23
2010-02-16,24.0,25.15,24.0,24.95,24.95,6365.0,1.58
2010-02-17,25.4,25.4,23.75,23.75,24.15,6931.0,1.7
2010-02-18,25.0,25.0,24.05,24.05,24.1,2251.0,0.55
2010-02-19,24.95,24.95,23.8,23.8,23.8,1405.0,0.34
2010-02-22,24.5,24.5,22.65,22.65,22.65,15851.0,3.77
2010-02-23,22.65,22.65,21.55,21.55,21.55,42697.0,9.2
2010-02-24,21.0,21.65,20.5,21.2,21.45,5836.0,1.21
2010-02-25,21.0,21.0,20.4,20.4,20.45,4877.0,1.0
2010-02-26,20.3,21.3,20.3,21.3,21.3,863.0,0.18
2010-03-02,21.0,22.0,21.0,21.95,21.95,786.0,0.17
2010-03-03,21.2,22.0,21.15,21.15,21.15,720.0,0.15
2010-03-04,20.5,21.9,20.5,21.9,21.75,2205.0,0.47
2010-03-05,21.2,21.7,21.2,21.7,21.45,720.0,0.15
2010-03-08,21.45,22.3,21.15,21.8,21.8,2104.0,0.46
2010-03-09,21.8,22.2,21.5,22.2,22.2,1735.0,0.38
2010-03-10,22.0,22.0,21.1,21.5,21.5,1856.0,0.4
2010-03-11,21.6,22.0,20.85,20.95,21.1,7610.0,1.61
2010-03-12,21.45,21.5,20.95,21.0,21.0,4780.0,1.01
2010-03-15,21.05,21.95,20.3,21.8,21.8,632.0,0.13
2010-03-16,21.0,22.0,21.0,21.6,21.6,631.0,0.14
2010-03-17,21.05,22.6,21.05,22.3,22.3,7420.0,1.66
2010-03-18,22.35,22.35,21.5,21.5,21.5,1252.0,0.27
2010-03-19,21.35,22.3,21.35,22.0,22.0,550.0,0.12
2010-03-22,22.25,22.25,21.2,21.8,21.8,8233.0,1.8
2010-03-23,22.5,22.5,21.05,21.05,21.5,3478.0,0.77
2010-03-25,21.5,22.0,20.8,21.95,21.6,1590.0,0.33
2010-03-26,20.95,20.95,20.55,20.55,20.6,3645.0,0.75
2010-03-29,20.5,21.1,19.65,20.8,20.0,19677.0,3.99
2010-03-30,20.1,20.8,19.1,20.25,20.25,3520.0,0.7
2010-03-31,20.8,20.85,20.15,20.85,20.85,715.0,0.15
2010-04-01,21.55,21.55,20.65,21.5,21.5,1046.0,0.22
2010-04-05,21.0,21.95,20.85,21.95,21.95,768.0,0.16
2010-04-06,21.1,22.2,21.1,22.05,22.05,9715.0,2.06
2010-04-07,21.2,21.85,21.2,21.7,21.7,3096.0,0.67
2010-04-08,21.0,22.45,21.0,22.4,22.4,2844.0,0.63
2010-04-09,21.4,22.8,21.4,22.25,22.4,565.0,0.13
2010-04-12,23.0,23.0,22.05,22.05,22.05,296.0,0.07
2010-04-13,21.25,22.45,21.2,22.4,22.4,2717.0,0.59
2010-04-15,21.9,22.7,21.9,22.0,22.1,2482.0,0.55
2010-04-16,22.7,23.2,22.1,22.6,22.6,4000.0,0.91
2010-04-19,22.85,22.85,21.65,22.0,21.95,2872.0,0.63
2010-04-20,22.0,22.0,21.3,22.0,22.0,4370.0,0.95
2010-04-21,22.0,22.25,22.0,22.25,22.25,317.0,0.07
2010-04-22,23.05,23.05,22.05,22.25,22.25,386.0,0.09
2010-04-23,22.2,22.2,22.0,22.0,22.0,415.0,0.09
2010-04-26,21.7,22.0,21.6,21.8,21.8,1381.0,0.3
2010-04-27,22.85,22.85,21.35,21.7,21.7,719.0,0.16
2010-04-28,21.7,22.55,21.25,21.25,21.25,724.0,0.16
2010-04-29,22.2,22.2,21.4,22.0,22.0,1030.0,0.23
2010-04-30,22.0,22.05,21.5,21.5,21.6,1460.0,0.32
2010-05-03,21.0,22.0,21.0,21.75,21.75,281.0,0.06
2010-05-04,21.75,21.85,21.65,21.65,21.65,2504.0,0.55
2010-05-05,21.5,21.5,20.8,21.05,21.05,1775.0,0.38
2010-05-06,21.15,21.5,20.2,20.3,20.3,2461.0,0.51
2010-05-07,20.0,20.0,19.6,19.6,19.75,1647.0,0.33
2010-05-10,20.0,20.45,19.6,20.0,20.05,1591.0,0.32
2010-05-11,20.95,20.95,20.0,20.7,20.7,771.0,0.16
2010-05-12,20.0,20.0,19.7,20.0,19.85,1985.0,0.4
2010-05-13,19.7,20.35,19.55,20.3,20.3,3608.0,0.71
2010-05-14,20.0,20.25,19.8,20.25,20.25,1579.0,0.32
2010-05-17,19.7,20.7,19.5,20.5,20.5,4181.0,0.83
2010-05-18,19.9,20.55,19.9,20.0,20.0,1469.0,0.3
2010-05-19,19.9,20.85,19.9,20.45,20.5,4356.0,0.9
2010-05-20,20.1,21.0,19.7,20.05,20.05,443.0,0.09
2010-05-21,20.05,20.25,19.5,20.25,20.25,388.0,0.08
2010-05-24,20.0,21.25,20.0,20.9,21.2,3916.0,0.82
2010-05-25,21.4,21.4,20.2,20.2,20.25,2430.0,0.5
2010-05-26,20.25,20.6,19.5,20.3,20.3,4460.0,0.89
2010-05-27,20.9,20.9,20.9,20.9,20.9,500.0,0.1
2010-05-28,20.0,20.9,19.9,20.9,20.0,1565.0,0.31
2010-05-31,19.8,20.5,19.6,20.5,20.5,950.0,0.19
2010-06-01,19.8,20.85,19.8,20.45,20.05,707.0,0.14
2010-06-02,19.9,20.75,19.15,20.0,20.7,7519.0,1.53
2010-06-03,21.0,21.0,20.25,20.8,20.8,5754.0,1.18
2010-06-04,20.25,21.0,20.25,21.0,21.0,3481.0,0.72
2010-06-07,20.4,21.0,20.3,20.55,20.55,1813.0,0.37
2010-06-08,21.4,21.4,20.7,21.4,21.25,1496.0,0.32
2010-06-09,21.9,22.0,21.55,21.55,21.95,2545.0,0.56
2010-06-10,21.65,22.5,21.5,22.5,22.45,4676.0,1.04
2010-06-11,22.4,22.4,21.65,21.75,21.9,5831.0,1.28
2010-06-14,21.9,22.5,21.9,22.15,22.15,1154.0,0.26
2010-06-15,22.2,22.2,21.65,21.75,21.75,2162.0,0.48
2010-06-16,21.8,22.0,21.8,21.9,21.9,714.0,0.16
2010-06-17,21.95,22.0,21.7,21.8,21.8,1310.0,0.29
2010-06-18,21.55,22.0,21.4,21.4,21.45,3009.0,0.65
2010-06-21,20.65,21.7,20.65,21.7,21.05,1208.0,0.25
2010-06-22,22.1,22.1,21.0,21.8,21.8,1617.0,0.35
2010-06-23,21.3,22.05,21.25,21.25,21.25,1139.0,0.24
2010-06-24,21.35,21.9,21.35,21.7,21.75,985.0,0.21
2010-06-25,21.9,22.5,21.85,22.0,21.85,2869.0,0.63
2010-06-28,22.35,22.4,21.5,22.0,21.75,2488.0,0.54
2010-06-29,21.8,22.5,21.6,21.6,21.6,1176.0,0.26
2010-06-30,21.6,22.5,21.05,22.0,21.85,2691.0,0.58
2010-07-01,22.85,22.85,21.6,22.55,22.1,7668.0,1.71
2010-07-02,22.05,23.25,22.05,22.6,22.65,24093.0,5.51
2010-07-05,21.55,23.3,21.55,22.55,22.6,1019.0,0.23
2010-07-06,23.6,23.6,22.5,23.45,23.45,4632.0,1.09
2010-07-07,23.45,25.8,23.45,25.8,25.8,24017.0,6.02
2010-07-08,25.8,27.4,23.35,26.35,26.55,11305.0,3.0
2010-07-09,25.8,26.5,24.4,25.6,25.45,7637.0,1.98
2010-07-12,24.8,25.9,24.65,25.1,25.55,3200.0,0.82
2010-07-13,25.9,25.9,23.95,25.3,25.3,5607.0,1.41
2010-07-14,25.9,26.45,25.15,25.6,25.6,3749.0,0.97
2010-07-15,25.0,25.1,24.3,24.3,24.3,1581.0,0.39
2010-07-16,23.45,24.5,23.45,24.1,24.15,3572.0,0.87
2010-07-19,24.15,25.0,23.55,24.45,24.45,1953.0,0.47
2010-07-20,25.6,25.6,24.1,24.2,24.2,175.0,0.04
2010-07-21,26.25,26.25,23.8,24.25,24.25,792.0,0.2
2010-07-22,23.7,24.9,23.35,23.9,23.9,2356.0,0.56
2010-07-23,23.95,24.8,23.5,24.0,23.55,1111.0,0.27
2010-07-26,23.5,24.85,23.4,24.25,24.25,4131.0,0.99
2010-07-27,25.25,25.3,24.6,25.15,24.95,4001.0,1.01
2010-07-28,26.1,26.1,22.75,25.1,25.1,1988.0,0.49
2010-07-29,24.7,25.45,24.65,25.0,25.0,1521.0,0.38
2010-07-30,24.55,25.75,24.55,25.75,25.55,10323.0,2.61
2010-08-02,25.5,25.9,25.4,25.4,25.45,3893.0,1.0
2010-08-03,25.15,26.2,25.15,25.8,25.8,8480.0,2.18
2010-08-04,25.8,27.6,25.5,27.3,27.3,21789.0,5.87
2010-08-05,28.4,28.4,26.6,28.1,28.05,18477.0,5.15
2010-08-06,26.8,28.4,26.8,27.5,27.9,6541.0,1.82
2010-08-09,27.7,27.95,26.7,27.9,27.9,2341.0,0.64
2010-08-10,28.4,29.7,27.25,28.75,27.95,2023.0,0.58
2010-08-11,28.8,28.9,27.0,27.2,27.2,5179.0,1.43
2010-08-12,27.9,27.9,25.6,26.85,26.2,6330.0,1.69
2010-08-13,25.25,26.0,25.25,25.6,25.75,4215.0,1.08
2010-08-16,25.5,27.05,25.35,26.4,25.95,2630.0,0.69
2010-08-17,25.15,26.9,25.15,26.3,26.5,2001.0,0.52
2010-08-18,25.75,27.7,25.65,26.45,25.9,1603.0,0.42
2010-08-19,27.75,27.8,26.35,26.5,26.8,18111.0,4.94
2010-08-20,26.9,26.9,25.3,25.4,25.4,11419.0,2.95
2010-08-23,26.95,26.95,24.5,25.05,24.85,7809.0,1.97
2010-08-24,24.8,24.95,22.55,24.95,24.45,5259.0,1.26
2010-08-25,25.5,25.9,23.75,24.5,24.5,4443.0,1.1
2010-08-26,24.5,24.5,23.2,23.6,23.6,1369.0,0.33
2010-08-27,24.65,24.65,22.55,23.5,23.6,1734.0,0.41
2010-08-30,24.5,24.75,24.05,24.7,24.5,1779.0,0.44
2010-08-31,24.7,26.0,24.25,26.0,25.8,8493.0,2.14
2010-09-01,27.9,28.4,26.05,26.15,26.15,130480.0,36.2
2010-09-02,26.4,28.7,25.3,28.65,28.55,38368.0,10.54
2010-09-03,28.8,31.45,28.55,31.45,31.45,101221.0,31.41
2010-09-06,32.8,33.05,30.75,30.85,31.25,133687.0,43.43
2010-09-07,32.5,32.5,30.1,30.7,30.45,46206.0,14.39
2010-09-08,31.0,32.0,29.25,32.0,32.0,45112.0,14.23
2010-09-09,31.65,33.6,31.65,33.6,33.6,31905.0,10.67
2010-09-13,35.15,35.25,34.0,34.3,34.4,20472.0,7.09
2010-09-14,33.4,34.9,32.7,32.7,32.7,26390.0,8.7
2010-09-15,31.15,31.75,31.1,31.1,31.1,5719.0,1.78
2010-09-16,29.8,30.85,29.55,29.55,29.55,10225.0,3.09
2010-09-17,30.5,30.6,29.0,29.95,29.85,7333.0,2.15
2010-09-20,31.3,31.3,29.2,30.45,30.25,12070.0,3.64
2010-09-21,29.15,30.25,28.75,28.75,28.75,7208.0,2.09
2010-09-22,28.75,28.8,27.45,28.0,28.2,6005.0,1.68
2010-09-23,27.15,28.9,26.85,26.85,26.85,5227.0,1.43
2010-09-24,27.0,28.2,27.0,28.2,28.2,4296.0,1.2
2010-09-27,28.25,29.65,27.3,28.3,28.05,21398.0,6.16
2010-09-28,28.25,28.6,27.4,27.45,27.5,5575.0,1.55
2010-09-29,26.65,28.1,26.5,26.5,26.65,6965.0,1.87
2010-09-30,26.0,28.0,25.85,26.6,26.95,15872.0,4.35
2010-10-01,27.75,27.75,26.8,26.8,26.8,4355.0,1.18
2010-10-04,25.7,27.4,25.7,26.6,26.85,3455.0,0.93
2010-10-05,26.05,27.3,26.05,26.55,26.9,11614.0,3.1
2010-10-06,26.05,27.55,26.05,27.55,27.55,2753.0,0.74
2010-10-07,28.25,28.95,28.25,28.95,28.95,10200.0,2.94
2010-10-08,30.25,30.25,27.55,27.55,28.3,4831.0,1.39
2010-10-11,28.0,28.2,27.2,27.55,27.45,3468.0,0.96
2010-10-12,27.15,27.15,26.1,26.95,26.95,3644.0,0.97
2010-10-13,26.1,27.45,26.1,26.85,27.1,3579.0,0.98
2010-10-14,26.75,28.15,26.75,26.75,26.75,3239.0,0.89
2010-10-15,26.75,27.45,26.25,26.9,26.6,2564.0,0.68
2010-10-18,27.0,27.7,26.3,27.0,27.0,2320.0,0.63
2010-10-19,27.0,27.4,26.2,26.2,26.2,5520.0,1.46
2010-10-20,25.75,26.45,25.7,26.4,26.4,1297.0,0.34
2010-10-21,25.7,27.7,25.7,26.95,26.4,929.0,0.24
2010-10-22,25.5,27.75,25.5,27.75,27.55,7023.0,1.92
2010-10-25,27.95,28.95,27.95,28.95,28.95,9351.0,2.69
2010-10-26,28.9,30.05,28.9,30.05,30.0,13192.0,3.94
2010-10-27,30.5,31.5,30.0,31.5,31.5,23706.0,7.39
2010-10-28,32.1,32.1,30.0,30.0,30.0,8752.0,2.7
2010-10-29,29.0,29.0,28.5,28.5,28.5,2971.0,0.85
2010-11-01,28.0,29.1,28.0,29.0,28.8,1391.0,0.39
2010-11-02,30.0,30.0,28.5,29.1,29.05,4947.0,1.45
2010-11-03,30.0,30.0,28.2,28.5,28.45,5355.0,1.55
2010-11-04,28.5,28.5,27.45,28.0,27.95,11971.0,3.35
2010-11-05,27.0,29.9,27.0,29.1,29.3,625.0,0.18
2010-11-08,28.0,28.35,27.3,28.3,28.0,3855.0,1.06
2010-11-09,28.1,28.2,27.65,27.65,27.8,3106.0,0.87
2010-11-10,27.75,28.5,26.25,27.85,27.85,2170.0,0.6
2010-11-11,27.9,28.95,27.8,27.8,28.3,4308.0,1.21
2010-11-12,26.6,29.0,26.6,27.75,27.5,805.0,0.22
2010-11-15,26.25,29.0,26.25,27.75,27.75,1782.0,0.5
2010-11-16,28.95,28.95,25.15,26.5,26.25,12218.0,3.26
2010-11-18,25.55,27.5,23.65,23.65,23.65,37618.0,9.07
2010-11-19,23.75,24.3,23.0,23.0,23.1,6095.0,1.44
2010-11-22,23.3,24.5,23.0,23.05,23.15,5022.0,1.18
2010-11-23,22.65,23.65,22.3,23.45,23.45,1184.0,0.27
2010-11-24,22.1,25.0,22.1,24.1,24.35,8432.0,2.02
2010-11-25,24.5,26.8,23.1,24.7,24.4,17566.0,4.43
2010-11-26,23.25,23.5,22.1,22.25,22.25,7566.0,1.72
2010-11-29,21.05,23.0,21.0,23.0,22.35,2719.0,0.59
2010-11-30,23.4,23.75,22.05,22.5,22.45,5376.0,1.24
2010-12-01,20.65,23.85,20.65,23.05,23.15,2218.0,0.51
2010-12-02,22.85,23.75,22.85,23.5,23.5,2351.0,0.55
2010-12-03,22.0,24.5,21.15,21.15,21.35,9634.0,2.1
2010-12-06,19.3,21.9,19.3,20.05,20.1,5495.0,1.11
2010-12-07,20.65,21.1,20.0,20.1,20.15,2522.0,0.51
2010-12-08,20.15,21.15,20.15,20.2,21.0,2193.0,0.46
2010-12-09,22.0,22.0,18.9,18.9,19.05,7758.0,1.49
2010-12-10,20.8,20.8,18.1,19.0,20.25,5235.0,1.03
2010-12-13,19.5,20.3,19.5,19.5,19.5,332.0,0.06
2010-12-14,20.25,20.5,19.05,19.8,19.7,2231.0,0.44
2010-12-15,18.3,20.0,18.3,19.4,19.5,8735.0,1.71
2010-12-16,19.0,21.3,19.0,19.9,19.9,5161.0,1.04
2010-12-20,19.9,19.9,19.7,19.7,19.7,306.0,0.06
2010-12-21,20.95,21.35,20.3,21.35,21.35,5790.0,1.22
2010-12-22,23.0,23.0,20.9,20.9,21.2,3682.0,0.81
2010-12-23,22.9,22.9,20.05,21.8,21.55,3920.0,0.85
2010-12-24,22.9,22.9,20.2,20.45,20.5,16717.0,3.46
2010-12-27,20.2,21.3,20.2,20.8,20.8,1527.0,0.32
2010-12-28,21.45,21.45,20.4,20.9,20.9,1698.0,0.35
2010-12-29,20.8,21.0,20.1,20.55,20.6,1005.0,0.21
2010-12-30,20.85,21.25,20.45,20.5,20.75,417.0,0.09
2010-12-31,20.7,21.0,20.05,21.0,20.95,5056.0,1.04
2011-01-03,21.85,21.85,20.9,21.8,21.6,3876.0,0.83
2011-01-04,21.95,22.0,21.4,21.65,21.65,2690.0,0.59
2011-01-05,22.9,22.9,21.3,21.35,21.6,3218.0,0.69
2011-01-06,21.35,22.2,20.8,21.1,21.1,629.0,0.13
2011-01-07,21.65,22.25,21.1,21.25,21.2,2150.0,0.46
2011-01-10,20.6,20.85,19.7,20.0,20.25,2699.0,0.54
2011-01-11,19.0,21.65,19.0,20.0,20.0,837.0,0.17
2011-01-12,19.15,20.0,19.15,19.95,19.95,1127.0,0.22
2011-01-13,19.15,21.4,18.5,20.2,20.2,4482.0,0.9
2011-01-14,19.3,19.85,19.05,19.05,19.4,2641.0,0.52
2011-01-17,19.05,19.45,18.45,19.45,18.9,1383.0,0.26
2011-01-18,20.85,20.85,18.8,18.8,18.8,1093.0,0.21
2011-01-19,19.0,19.5,18.65,18.65,19.05,2001.0,0.38
2011-01-20,18.5,19.95,18.5,19.65,19.45,2597.0,0.51
2011-01-21,20.25,20.4,19.85,20.0,20.05,2055.0,0.42
2011-01-24,20.4,20.8,20.0,20.75,20.4,1179.0,0.24
2011-01-25,22.0,22.0,19.5,20.8,20.0,1989.0,0.4
2011-01-27,20.0,20.5,19.5,19.5,19.8,393.0,0.08
2011-01-28,22.0,23.5,18.15,19.15,19.4,13108.0,2.58
2011-01-31,18.15,19.7,18.15,18.6,18.45,11429.0,2.11
2011-02-01,18.55,19.0,18.2,18.2,18.45,1602.0,0.3
2011-02-02,20.8,20.8,18.45,18.6,18.75,3535.0,0.68
2011-02-03,18.15,19.45,18.15,18.3,18.3,2849.0,0.53
2011-02-04,18.3,19.0,18.3,18.4,18.4,581.0,0.11
2011-02-07,18.75,18.75,17.75,18.0,18.0,4408.0,0.79
2011-02-08,17.0,17.95,16.5,17.5,17.5,11676.0,2.03
2011-02-09,16.5,18.3,16.4,16.5,16.55,1871.0,0.31
2011-02-10,15.25,16.05,14.25,15.6,15.45,11128.0,1.65
2011-02-11,15.0,16.0,14.75,15.15,15.05,3002.0,0.45
2011-02-14,16.95,16.95,15.85,16.0,16.05,2060.0,0.33
2011-02-15,16.0,17.3,15.5,16.9,16.4,437.0,0.07
2011-02-16,17.75,17.75,15.65,16.15,16.15,655.0,0.11
2011-02-17,16.95,16.95,16.1,16.15,16.2,593.0,0.1
2011-02-18,17.0,17.85,15.55,16.05,16.05,2967.0,0.48
2011-02-21,16.95,16.95,14.8,16.65,16.65,945.0,0.15
2011-02-22,16.0,16.05,16.0,16.0,16.0,502.0,0.08
2011-02-23,16.95,19.0,16.0,17.6,16.75,1958.0,0.34
2011-02-24,17.0,17.55,15.4,15.55,16.0,3722.0,0.62
2011-02-25,16.95,16.95,16.5,16.9,16.9,379.0,0.06
2011-02-28,18.0,18.0,15.65,16.1,16.0,420.0,0.07
2011-03-01,17.0,17.0,15.65,16.1,16.25,251.0,0.04
2011-03-03,15.65,16.4,14.3,16.4,16.4,551.0,0.09
2011-03-04,16.4,16.75,16.0,16.0,16.05,1348.0,0.22
2011-03-07,14.35,17.0,14.15,15.35,15.35,2232.0,0.34
2011-03-08,16.95,17.0,15.35,16.85,16.85,4441.0,0.72
2011-03-09,16.95,16.95,15.7,16.0,16.5,2785.0,0.45
2011-03-10,15.65,16.4,15.65,16.0,16.2,3.0,0.0
2011-03-11,16.8,16.8,15.8,15.8,15.8,768.0,0.12
2011-03-14,16.75,16.75,15.7,16.4,16.35,1003.0,0.16
2011-03-15,15.3,15.35,15.25,15.25,15.3,328.0,0.05
2011-03-16,16.0,16.8,16.0,16.8,16.8,99.0,0.02
2011-03-17,15.2,17.0,15.2,16.95,16.95,2057.0,0.34
2011-03-18,17.0,18.0,16.1,16.7,16.75,5106.0,0.92
2011-03-21,15.4,18.75,15.4,17.8,17.05,6224.0,1.12
2011-03-22,17.9,18.0,17.9,18.0,18.0,2031.0,0.37
2011-03-23,17.05,18.6,16.7,18.1,18.25,4224.0,0.76
2011-03-24,17.0,19.6,17.0,18.9,18.2,1451.0,0.27
2011-03-25,17.5,19.0,17.1,17.85,17.85,8680.0,1.55
2011-03-28,19.7,19.7,17.85,17.85,17.85,2615.0,0.49
2011-03-29,17.15,18.1,17.15,18.1,18.1,1102.0,0.2
2011-03-30,17.2,18.75,17.2,18.0,18.35,683.0,0.12
2011-03-31,18.0,18.1,17.15,18.1,18.1,760.0,0.14
2011-04-01,18.0,18.25,17.85,18.25,17.95,1243.0,0.22
2011-04-04,18.25,18.8,18.05,18.05,18.05,4199.0,0.77
2011-04-05,17.9,19.2,17.9,19.1,19.1,635.0,0.12
2011-04-06,19.0,20.8,18.5,18.5,18.65,1859.0,0.35
2011-04-07,18.55,20.05,18.55,19.0,19.0,1231.0,0.23
2011-04-08,18.5,19.8,18.4,18.4,18.45,1477.0,0.28
2011-04-11,18.6,18.8,18.6,18.8,18.8,1095.0,0.2
2011-04-13,19.0,19.35,18.95,18.95,19.0,3050.0,0.58
2011-04-15,22.25,22.25,19.0,19.9,19.5,5962.0,1.15
2011-04-18,21.4,21.55,19.1,19.5,19.5,2168.0,0.43
2011-04-19,19.05,20.7,19.05,19.7,20.15,4831.0,0.97
2011-04-20,20.0,20.5,19.0,19.0,20.15,2139.0,0.43
2011-04-21,19.2,19.5,19.0,19.0,19.0,1177.0,0.22
2011-04-25,19.15,19.15,18.45,18.6,18.6,922.0,0.18
2011-04-26,18.6,20.0,18.6,18.8,18.8,1992.0,0.39
2011-04-27,19.4,21.0,18.7,19.0,19.0,6554.0,1.31
2011-04-28,17.4,19.0,17.4,18.2,18.2,7890.0,1.45
2011-04-29,17.75,18.75,17.7,17.7,17.75,1357.0,0.24
2011-05-02,19.8,19.8,18.0,18.0,18.0,3406.0,0.62
2011-05-03,18.0,18.0,16.5,16.5,16.75,3300.0,0.57
2011-05-04,16.1,18.3,16.1,17.0,17.35,711.0,0.12
2011-05-05,17.0,17.95,16.5,16.55,16.5,2863.0,0.49
2011-05-06,16.0,17.1,16.0,17.1,17.1,492.0,0.08
2011-05-09,17.0,17.3,17.0,17.0,17.15,2386.0,0.41
2011-05-10,17.0,17.0,16.8,16.8,16.8,172.0,0.03
2011-05-11,16.85,17.5,16.8,17.45,17.45,1135.0,0.2
2011-05-12,17.05,17.05,16.55,16.55,16.55,716.0,0.12
2011-05-13,16.25,17.5,16.25,16.75,16.75,697.0,0.12
2011-05-16,17.95,17.95,16.5,16.5,16.5,2610.0,0.44
2011-05-17,16.0,17.0,16.0,16.45,16.6,1976.0,0.33
2011-05-18,16.3,16.85,16.3,16.35,16.4,942.0,0.15
2011-05-19,16.5,16.5,16.35,16.45,16.45,1129.0,0.19
2011-05-20,16.5,17.65,16.5,17.65,17.4,364.0,0.06
2011-05-23,19.0,19.0,15.7,16.2,16.6,2682.0,0.45
2011-05-24,16.05,16.95,16.05,16.15,16.15,1912.0,0.31
2011-05-25,17.45,17.45,16.1,16.25,16.15,2369.0,0.38
2011-05-26,16.25,17.65,16.05,16.2,16.1,4521.0,0.75
2011-05-27,15.0,17.4,15.0,16.15,16.15,1560.0,0.25
2011-05-31,16.4,17.5,16.25,16.5,16.5,5754.0,0.96
2011-06-01,16.3,16.5,16.3,16.35,16.35,110.0,0.02
2011-06-02,16.25,16.3,16.2,16.3,16.3,1427.0,0.23
2011-06-03,15.7,17.45,15.7,16.35,16.4,2697.0,0.45
2011-06-06,18.35,18.35,15.65,17.5,17.5,916.0,0.15
2011-06-07,16.25,16.9,16.25,16.55,16.7,1668.0,0.28
2011-06-08,16.75,17.45,15.8,16.6,16.6,919.0,0.15
2011-06-09,16.0,17.85,16.0,17.85,17.85,320.0,0.05
2011-06-10,16.15,17.25,16.15,16.85,16.85,1216.0,0.21
2011-06-13,16.1,17.7,16.1,17.7,16.9,52.0,0.01
2011-06-14,16.0,18.4,16.0,16.7,16.7,710.0,0.12
2011-06-15,18.45,18.45,16.6,16.6,16.6,1002.0,0.17
2011-06-16,16.0,17.95,16.0,17.75,17.75,119.0,0.02
2011-06-17,16.95,17.95,16.0,16.1,16.3,11718.0,1.91
2011-06-20,15.15,16.25,15.15,15.8,15.9,2804.0,0.45
2011-06-21,15.0,16.4,15.0,15.55,15.5,915.0,0.14
2011-06-22,15.5,15.75,15.5,15.75,15.75,1402.0,0.22
2011-06-23,15.95,16.05,14.25,15.5,15.5,3203.0,0.49
2011-06-24,15.0,16.0,15.0,15.6,15.6,3163.0,0.5
2011-06-27,13.55,17.25,13.55,15.5,15.5,912.0,0.15
2011-06-28,15.5,16.65,15.5,16.45,16.45,376.0,0.06
2011-06-29,16.5,16.5,15.4,15.8,15.8,2282.0,0.36
2011-06-30,15.5,16.1,15.5,16.1,16.1,523.0,0.08
2011-07-01,16.0,17.1,14.95,15.8,15.9,1325.0,0.21
2011-07-04,15.6,15.6,15.25,15.5,15.5,20.0,0.0
2011-07-05,16.0,16.0,15.55,15.65,15.65,1436.0,0.23
2011-07-06,15.0,15.9,15.0,15.9,15.9,1446.0,0.22
2011-07-07,15.1,16.1,15.1,16.1,16.1,1872.0,0.3
2011-07-08,15.3,16.0,15.0,15.95,15.95,2283.0,0.36
2011-07-11,15.15,17.7,15.15,16.45,16.45,1001.0,0.16
2011-07-12,16.0,16.55,15.3,15.65,15.65,8264.0,1.3
2011-07-13,16.95,16.95,15.7,15.7,15.7,1937.0,0.31
2011-07-14,15.15,15.6,15.15,15.55,15.55,620.0,0.09
2011-07-15,15.15,16.85,15.15,16.35,16.35,2853.0,0.47
2011-07-18,16.0,16.5,15.9,16.5,16.5,297.0,0.05
2011-07-19,16.3,17.25,16.0,16.0,16.1,4443.0,0.72
2011-07-20,15.15,17.1,15.15,16.65,16.55,3149.0,0.5
2011-07-21,16.45,17.0,16.4,16.65,16.65,833.0,0.14
2011-07-22,16.1,16.1,15.85,16.0,16.0,3400.0,0.54
2011-07-25,16.4,16.4,15.8,15.85,15.95,510.0,0.08
2011-07-26,16.7,16.7,15.6,16.0,16.0,2285.0,0.37
2011-07-27,16.45,16.5,15.85,15.85,15.85,1855.0,0.3
2011-07-28,16.0,16.0,15.5,15.6,15.6,615.0,0.1
2011-07-29,15.65,16.0,15.05,15.3,15.3,3212.0,0.5
2011-08-01,15.05,15.95,14.8,15.0,14.95,2562.0,0.38
2011-08-02,14.6,14.75,14.6,14.75,14.75,100.0,0.01
2011-08-03,14.75,14.75,14.5,14.55,14.65,2241.0,0.33
2011-08-04,14.95,15.0,14.4,14.65,14.95,5569.0,0.83
2011-08-05,14.0,14.9,14.0,14.25,14.0,2075.0,0.29
2011-08-08,13.55,14.25,13.2,13.95,13.2,3011.0,0.4
2011-08-09,12.5,13.0,11.35,13.0,13.0,1685.0,0.2
2011-08-10,13.05,13.95,13.0,13.0,13.0,867.0,0.11
2011-08-11,15.0,15.0,13.0,13.05,13.2,6747.0,0.91
2011-08-12,12.8,13.35,12.8,12.8,13.0,4544.0,0.6
2011-08-16,13.9,13.9,12.1,12.7,12.7,907.0,0.12
2011-08-17,12.75,13.0,11.1,13.0,12.5,3817.0,0.45
2011-08-18,12.1,12.1,12.0,12.0,12.0,226.0,0.03
2011-08-19,10.5,12.0,10.05,10.5,10.5,10505.0,1.11
2011-08-22,11.5,11.5,10.1,11.0,11.0,699.0,0.08
2011-08-23,12.0,13.0,10.85,12.9,12.95,42577.0,5.37
2011-08-24,13.25,15.25,13.2,15.25,14.85,13270.0,1.92
2011-08-25,16.7,16.7,14.4,14.65,14.75,4753.0,0.73
2011-08-26,14.3,15.25,13.05,13.05,13.8,4052.0,0.57
2011-08-29,13.0,13.45,12.55,13.0,13.05,11928.0,1.55
2011-08-30,12.5,14.25,12.5,13.15,13.2,3541.0,0.46
2011-09-02,15.2,15.5,12.75,13.1,13.3,19197.0,2.6
2011-09-05,14.1,14.1,13.05,13.25,13.2,1992.0,0.27
2011-09-06,13.5,15.5,13.0,13.55,13.55,7634.0,1.08
2011-09-07,13.25,14.45,13.05,13.6,13.6,1832.0,0.26
2011-09-08,13.25,14.1,13.05,13.4,13.6,23620.0,3.17
2011-09-09,13.7,13.7,13.25,13.7,13.65,253.0,0.03
2011-09-12,13.0,13.25,13.0,13.25,13.25,361.0,0.05
2011-09-13,13.7,13.85,13.5,13.85,13.85,386.0,0.05
2011-09-14,14.1,14.1,13.3,13.3,13.3,1357.0,0.18
2011-09-15,12.15,13.95,12.05,13.95,13.7,850.0,0.11
2011-09-16,13.8,13.8,13.15,13.45,13.6,6771.0,0.91
2011-09-19,14.0,14.05,14.0,14.05,14.05,40.0,0.01
2011-09-20,13.25,14.2,13.25,13.55,13.5,511.0,0.07
2011-09-21,13.7,13.8,13.7,13.8,13.75,19.0,0.0
2011-09-22,13.5,13.55,13.0,13.5,13.15,3650.0,0.48
2011-09-23,15.8,15.8,12.05,12.05,12.25,13504.0,1.7
2011-09-26,12.3,13.0,11.95,12.6,12.5,2608.0,0.32
2011-09-27,12.35,12.9,12.0,12.8,12.8,2746.0,0.34
2011-09-28,12.9,12.9,11.15,12.35,12.35,6602.0,0.79
2011-09-29,12.05,12.75,11.35,11.5,12.05,4133.0,0.48
2011-09-30,11.8,12.7,11.8,12.15,12.15,655.0,0.08
2011-10-03,11.25,11.8,11.25,11.5,11.8,1052.0,0.12
2011-10-04,12.0,13.65,11.3,12.8,13.55,9480.0,1.18
2011-10-05,13.0,13.65,13.0,13.6,13.5,7510.0,1.01
2011-10-07,13.0,13.5,13.0,13.0,13.0,23467.0,3.15
2011-10-10,12.5,14.6,12.5,13.05,13.05,1269.0,0.17
2011-10-11,13.75,13.75,13.0,13.5,13.5,647.0,0.09
2011-10-12,13.3,13.7,13.0,13.1,13.1,3433.0,0.46
2011-10-13,13.7,13.7,13.15,13.15,13.45,592.0,0.08
2011-10-14,13.75,13.75,12.95,12.95,12.95,703.0,0.09
2011-10-17,13.0,13.8,13.0,13.05,13.45,975.0,0.13
2011-10-19,13.0,13.5,12.5,12.7,12.9,21393.0,2.7
2011-10-20,12.0,13.5,12.0,13.0,13.0,1843.0,0.24
2011-10-21,12.3,13.05,12.3,13.05,13.05,253.0,0.03
2011-10-24,13.5,13.8,13.0,13.6,13.1,807.0,0.11
2011-10-25,12.55,13.45,12.5,12.8,13.15,10031.0,1.26
2011-10-26,13.1,14.45,13.1,14.45,14.45,40.0,0.01
2011-10-28,14.0,14.45,13.1,13.1,13.6,1625.0,0.22
2011-10-31,14.0,14.0,13.0,13.5,13.5,547.0,0.07
2011-11-01,12.5,14.35,12.5,12.7,12.7,1681.0,0.21
2011-11-02,13.9,13.9,12.6,12.85,12.85,3601.0,0.47
2011-11-03,13.15,13.3,12.8,12.8,12.8,550.0,0.07
2011-11-04,13.05,13.4,12.9,12.9,12.95,628.0,0.08
2011-11-08,13.0,13.0,13.0,13.0,13.0,285.0,0.04
2011-11-09,14.8,14.8,12.55,12.7,12.85,5408.0,0.7
2011-11-11,13.0,13.0,12.4,12.55,12.55,222.0,0.03
2011-11-14,12.1,12.95,12.1,12.95,12.95,481.0,0.06
2011-11-15,12.0,12.95,11.55,11.7,11.7,716.0,0.09
2011-11-16,11.05,12.9,11.05,12.25,12.2,3788.0,0.45
2011-11-17,12.9,12.9,12.0,12.45,12.3,1260.0,0.15
2011-11-18,12.0,12.65,11.5,12.3,11.85,6117.0,0.75
2011-11-21,11.0,12.75,10.95,11.4,11.5,9955.0,1.15
2011-11-22,11.0,11.95,11.0,11.95,11.9,1182.0,0.13
2011-11-23,12.8,12.8,12.35,12.35,12.35,2.0,0.0
2011-11-24,11.5,12.35,11.1,12.35,11.45,1216.0,0.14
2011-11-25,11.5,12.15,11.5,12.1,12.05,132.0,0.02
2011-11-28,12.5,12.85,11.5,12.15,11.75,841.0,0.1
2011-11-29,11.75,13.0,11.1,11.25,11.2,1246.0,0.14
2011-11-30,11.9,11.9,10.65,11.75,11.5,14265.0,1.67
2011-12-01,11.0,12.95,10.75,11.5,11.5,2922.0,0.34
2011-12-02,12.0,12.15,11.15,11.25,11.7,2350.0,0.28
2011-12-05,11.5,12.35,11.0,11.5,11.5,1639.0,0.19
2011-12-07,11.0,12.4,11.0,11.5,11.5,6647.0,0.75
2011-12-08,12.0,12.4,10.7,11.5,11.65,974.0,0.11
2011-12-09,12.2,12.2,11.25,11.5,11.5,759.0,0.09
2011-12-12,11.0,12.0,10.7,10.7,11.45,4108.0,0.47
2011-12-13,11.0,11.6,10.5,11.4,11.4,1515.0,0.17
2011-12-14,11.0,11.85,11.0,11.1,11.1,171.0,0.02
2011-12-15,10.8,11.9,10.35,11.35,10.7,3278.0,0.36
2011-12-16,11.2,11.25,9.7,9.7,10.0,3084.0,0.32
2011-12-19,10.0,11.2,10.0,10.0,10.0,1747.0,0.17
2011-12-20,9.5,9.9,9.5,9.8,9.8,353.0,0.03
2011-12-21,9.0,11.2,9.0,10.35,10.6,310.0,0.03
2011-12-22,11.9,11.9,9.8,10.0,10.0,1314.0,0.14
2011-12-23,10.35,10.35,10.0,10.0,10.0,1724.0,0.17
2011-12-26,10.0,10.0,9.35,10.0,9.7,1952.0,0.19
2011-12-27,9.55,10.3,9.5,9.5,9.6,393.0,0.04
2011-12-28,10.0,10.0,9.7,9.7,9.7,2.0,0.0
2011-12-29,10.5,10.5,9.5,9.55,9.55,2082.0,0.2
2011-12-30,8.95,10.45,8.65,10.1,9.25,5231.0,0.47
2012-01-02,9.5,11.1,9.5,11.0,10.85,13147.0,1.4
2012-01-03,11.0,12.3,10.8,11.8,11.8,7670.0,0.88
2012-01-04,11.5,13.6,10.3,11.7,11.55,10572.0,1.27
2012-01-05,11.0,13.0,10.9,11.15,11.45,25159.0,2.81
2012-01-06,11.9,11.9,11.0,11.05,11.05,1148.0,0.13
2012-01-07,11.0,11.0,11.0,11.0,11.0,2.0,0.0
2012-01-09,11.0,12.0,11.0,11.25,11.15,7247.0,0.82
2012-01-10,11.0,12.0,11.0,11.4,11.45,1488.0,0.17
2012-01-11,11.0,12.4,11.0,11.9,11.9,9026.0,1.03
2012-01-12,11.5,12.45,10.7,12.45,12.45,752.0,0.08
2012-01-13,12.35,12.4,10.8,11.65,11.75,5170.0,0.6
2012-01-16,11.3,12.25,11.3,11.5,11.75,602.0,0.07
2012-01-17,12.45,13.3,11.15,13.05,12.8,7329.0,0.92
2012-01-18,14.65,14.65,12.05,12.25,12.25,12178.0,1.58
2012-01-19,12.0,12.0,11.35,11.95,11.75,7679.0,0.92
2012-01-20,11.4,12.45,11.0,11.3,11.3,6049.0,0.71
2012-01-23,12.2,12.2,11.0,11.05,11.05,555.0,0.06
2012-01-24,11.0,11.5,11.0,11.05,11.1,2386.0,0.27
2012-01-25,11.15,12.0,11.1,11.1,11.15,2608.0,0.29
2012-01-27,11.9,12.7,10.85,12.05,12.05,21701.0,2.56
2012-01-30,12.3,12.3,11.0,11.15,11.25,638.0,0.07
2012-01-31,11.15,12.45,11.15,12.3,12.2,253.0,0.03
2012-02-01,12.0,13.4,11.25,12.0,11.65,9663.0,1.18
2012-02-02,11.25,12.5,11.25,11.8,11.95,2003.0,0.25
2012-02-03,12.8,12.8,12.35,12.4,12.4,42.0,0.01
2012-02-06,12.0,12.5,11.7,11.95,12.4,420.0,0.05
2012-02-07,12.95,12.95,11.75,11.8,12.15,24975.0,3.07
2012-02-08,12.0,12.8,11.55,11.6,11.7,557.0,0.07
2012-02-09,11.75,12.75,11.75,12.5,12.4,2591.0,0.32
2012-02-10,12.0,12.6,11.65,11.8,11.8,2275.0,0.27
2012-02-13,12.0,12.4,11.55,11.6,12.35,1278.0,0.15
2012-02-14,12.0,12.45,11.65,11.7,11.7,2363.0,0.28
2012-02-15,11.5,12.15,11.15,11.9,11.55,9335.0,1.08
2012-02-16,12.05,12.6,11.5,11.85,11.6,2489.0,0.29
2012-02-17,12.25,12.45,11.65,11.65,11.95,56.0,0.01
2012-02-21,11.8,11.85,11.4,11.75,11.75,1022.0,0.12
2012-02-22,11.6,11.7,11.2,11.4,11.4,1052.0,0.12
2012-02-23,11.75,11.75,10.5,10.65,10.8,11318.0,1.22
2012-02-24,10.8,11.3,10.6,10.95,10.95,317.0,0.03
2012-02-27,10.8,11.2,10.25,11.2,10.7,7647.0,0.82
2012-02-28,11.9,11.9,10.6,11.35,10.95,2146.0,0.24
2012-02-29,11.85,11.85,10.25,10.4,10.4,3351.0,0.38
2012-03-01,11.6,11.6,10.55,11.05,10.95,3893.0,0.43
2012-03-02,11.35,11.35,10.5,10.95,10.95,285.0,0.03
2012-03-03,11.85,11.85,11.85,11.85,11.85,1.0,0.0
2012-03-05,11.65,12.15,11.0,11.7,11.3,5250.0,0.6
2012-03-06,11.65,11.65,11.65,11.65,11.65,11.0,0.0
2012-03-07,11.3,11.7,10.65,11.45,11.45,1873.0,0.21
2012-03-09,11.35,11.5,11.0,11.5,11.5,807.0,0.09
2012-03-12,11.5,11.9,10.9,11.55,11.55,25970.0,2.95
2012-03-13,11.2,11.7,10.6,11.15,11.15,702.0,0.08
2012-03-14,11.4,11.4,10.5,11.0,10.65,1373.0,0.15
2012-03-15,11.0,11.0,10.25,10.75,10.3,4277.0,0.45
2012-03-16,10.75,10.8,10.05,10.05,10.05,662.0,0.07
2012-03-19,10.0,10.9,9.75,10.4,10.35,2110.0,0.22
2012-03-20,10.6,10.6,9.85,9.85,9.85,5014.0,0.52
2012-03-21,9.7,10.2,9.5,9.8,9.9,1428.0,0.14
2012-03-22,9.7,9.95,9.35,9.5,9.55,590.0,0.06
2012-03-23,9.8,10.0,9.4,10.0,10.0,105.0,0.01
2012-03-26,10.1,10.15,9.2,9.2,9.3,29927.0,2.99
2012-03-27,10.0,10.0,8.7,9.25,9.25,120494.0,11.26
2012-03-28,10.15,10.15,8.35,9.0,8.4,58931.0,5.66
2012-03-29,8.25,9.75,7.3,8.7,8.25,10148.0,0.9
2012-03-30,9.3,9.4,8.75,8.8,8.8,11407.0,1.03
2012-04-02,8.7,9.6,8.7,9.6,9.05,3320.0,0.3
2012-04-03,9.75,9.9,9.1,9.25,9.25,1582.0,0.15
2012-04-04,9.15,9.5,8.4,9.1,9.1,1040.0,0.09
2012-04-09,8.9,9.25,8.4,8.6,8.6,2104.0,0.18
2012-04-10,8.15,8.85,8.15,8.45,8.25,8464.0,0.7
2012-04-11,8.65,8.95,8.1,8.4,8.35,28916.0,2.46
2012-04-12,8.55,8.85,8.25,8.3,8.3,1921.0,0.16
2012-04-13,8.2,8.6,8.05,8.2,8.2,684.0,0.06
2012-04-16,8.0,8.65,7.75,7.8,7.85,4771.0,0.38
2012-04-17,8.0,8.3,7.45,7.55,7.65,15102.0,1.19
2012-04-18,8.4,8.4,7.75,8.0,7.85,3159.0,0.25
2012-04-19,8.45,8.45,8.05,8.25,8.25,2421.0,0.2
2012-04-20,8.1,9.9,8.1,9.9,9.9,23510.0,2.24
2012-04-23,11.5,11.85,10.2,10.65,10.5,38306.0,4.32
2012-04-24,10.1,10.4,9.55,9.75,9.95,3575.0,0.36
2012-04-25,9.55,10.0,9.55,10.0,10.0,1759.0,0.18
2012-04-26,9.5,10.4,9.1,9.5,9.5,490.0,0.05
2012-04-27,9.2,9.75,8.85,8.85,8.85,1789.0,0.16
2012-04-30,8.5,10.0,8.1,8.2,8.3,16291.0,1.36
2012-05-02,8.7,9.25,8.15,8.15,8.25,37398.0,3.26
2012-05-03,9.35,9.35,8.0,8.15,8.2,6731.0,0.55
2012-05-04,9.0,9.0,8.2,8.5,8.7,11094.0,0.96
2012-05-07,9.9,9.9,8.1,8.1,8.1,20225.0,1.78
2012-05-08,8.9,8.9,8.2,8.5,8.5,1007.0,0.08
2012-05-09,8.85,8.85,7.65,8.35,7.95,3808.0,0.31
2012-05-10,7.9,8.4,7.9,8.4,8.4,1900.0,0.16
2012-05-11,8.85,10.05,7.55,10.05,10.05,67002.0,5.94
2012-05-14,9.55,10.9,8.6,8.95,8.95,37158.0,3.59
2012-05-15,9.85,9.9,8.2,9.25,9.1,35365.0,3.16
2012-05-16,9.6,9.6,8.3,8.45,8.45,12468.0,1.07
2012-05-17,8.75,9.5,8.2,9.0,9.0,51971.0,4.4
2012-05-18,9.8,9.8,8.55,8.9,8.9,11033.0,0.98
2012-05-21,9.9,9.9,8.4,9.3,9.25,13637.0,1.23
2012-05-22,10.0,10.0,8.95,8.95,9.25,14819.0,1.44
2012-05-23,8.85,8.85,8.7,8.8,8.8,161.0,0.01
2012-05-24,9.0,9.15,8.75,8.75,8.85,3476.0,0.31
2012-05-25,8.7,8.9,8.7,8.9,8.9,69.0,0.01
2012-05-28,9.0,9.0,8.7,8.7,8.75,2199.0,0.19
2012-05-29,8.65,9.2,8.4,8.7,8.7,1587.0,0.14
2012-05-30,9.5,9.5,8.5,8.7,8.7,2319.0,0.2
2012-05-31,8.65,9.05,8.1,8.9,8.9,1368.0,0.12
2012-06-01,8.65,8.95,8.3,8.3,8.3,1427.0,0.12
2012-06-04,8.25,8.95,8.25,8.6,8.6,1609.0,0.14
2012-06-05,8.0,8.9,8.0,8.9,8.9,15.0,0.0
2012-06-06,8.75,8.85,8.15,8.3,8.4,10719.0,0.89
2012-06-07,9.05,9.05,8.25,8.7,8.7,1375.0,0.12
2012-06-08,8.75,8.85,8.2,8.4,8.4,5545.0,0.47
2012-06-11,9.9,9.9,8.3,9.05,9.05,800.0,0.07
2012-06-12,8.8,9.2,8.3,8.75,8.75,1009.0,0.09
2012-06-13,8.65,8.75,7.8,8.0,8.0,29377.0,2.37
2012-06-14,7.95,8.35,7.65,7.75,7.9,13122.0,1.04
2012-06-15,8.0,8.0,7.85,8.0,8.0,3807.0,0.3
2012-06-18,7.7,8.45,7.7,8.25,8.25,2776.0,0.22
2012-06-19,8.2,8.55,7.8,8.0,8.0,829.0,0.07
2012-06-20,7.9,8.2,7.8,8.2,8.2,74.0,0.01
2012-06-21,8.0,8.3,7.65,7.75,7.7,38619.0,2.99
2012-06-22,7.7,8.1,7.4,7.8,7.65,18627.0,1.42
2012-06-25,7.75,7.75,7.3,7.3,7.3,5595.0,0.42
2012-06-26,8.0,8.0,7.15,7.45,7.6,3671.0,0.28
2012-06-27,7.2,7.75,7.15,7.5,7.6,1029.0,0.08
2012-06-28,7.2,7.8,7.15,7.7,7.55,8481.0,0.64
2012-06-29,7.3,7.75,7.3,7.4,7.5,6127.0,0.46
2012-07-02,7.3,7.85,7.15,7.75,7.75,2724.0,0.2
2012-07-03,7.75,7.95,7.5,7.55,7.55,1228.0,0.09
2012-07-04,7.3,7.9,7.3,7.65,7.65,3786.0,0.29
2012-07-05,7.9,8.15,7.45,7.5,7.5,98263.0,7.5
2012-07-06,7.5,7.5,7.45,7.45,7.45,11921.0,0.89
2012-07-09,7.45,7.9,7.1,7.5,7.5,39197.0,2.97
2012-07-10,7.5,7.55,7.3,7.35,7.35,7087.0,0.53
2012-07-11,7.75,7.75,7.3,7.35,7.35,16663.0,1.24
2012-07-12,7.35,7.4,7.25,7.25,7.25,3260.0,0.24
2012-07-13,7.0,7.55,7.0,7.5,7.45,5468.0,0.41
2012-07-16,7.8,7.8,7.25,7.65,7.65,5040.0,0.38
2012-07-17,7.35,7.55,7.3,7.5,7.5,587.0,0.04
2012-07-18,7.05,7.65,6.9,6.9,6.95,26176.0,1.84
2012-07-19,6.75,7.25,6.45,6.45,6.5,20813.0,1.38
2012-07-20,6.3,6.8,6.0,6.35,6.35,7762.0,0.5
2012-07-23,6.0,6.8,6.0,6.5,6.5,7128.0,0.46
2012-07-24,6.05,6.5,6.05,6.5,6.5,956.0,0.06
2012-07-25,6.35,6.55,6.1,6.15,6.2,10928.0,0.69
2012-07-26,6.25,6.4,5.9,5.9,5.9,7015.0,0.42
2012-07-27,6.0,6.65,5.55,6.25,6.25,10339.0,0.63
2012-07-30,5.8,6.35,5.55,6.15,6.25,8314.0,0.51
2012-07-31,6.0,6.3,6.0,6.3,6.3,129.0,0.01
2012-08-01,6.05,6.6,6.05,6.6,6.15,3146.0,0.2
2012-08-02,6.0,6.65,6.0,6.6,6.6,749.0,0.05
2012-08-03,6.0,6.65,6.0,6.45,6.45,8958.0,0.56
2012-08-06,6.2,6.45,6.15,6.4,6.35,1492.0,0.09
2012-08-07,6.4,6.4,6.15,6.35,6.3,415.0,0.03
2012-08-08,6.05,6.45,6.05,6.4,6.1,1264.0,0.08
2012-08-09,5.7,6.5,5.7,6.25,6.25,1842.0,0.12
2012-08-10,5.65,6.25,5.65,6.25,6.25,3294.0,0.2
2012-08-13,5.65,6.45,5.65,6.4,6.4,191.0,0.01
2012-08-14,5.75,6.7,5.75,6.55,6.55,5411.0,0.35
2012-08-16,6.15,6.7,6.15,6.55,6.45,2254.0,0.15
2012-08-17,6.2,6.45,6.2,6.45,6.45,1952.0,0.12
2012-08-21,6.15,6.65,6.15,6.6,6.55,4466.0,0.29
2012-08-22,6.15,6.85,6.15,6.6,6.65,747.0,0.05
2012-08-23,6.15,6.65,6.1,6.45,6.45,1648.0,0.11
2012-08-24,6.6,6.65,6.25,6.65,6.65,491.0,0.03
2012-08-27,6.6,6.6,6.05,6.05,6.05,3561.0,0.22
2012-08-28,6.05,6.35,5.85,5.85,5.85,2348.0,0.14
2012-08-29,6.15,6.15,5.55,5.6,5.6,4752.0,0.27
2012-08-30,5.3,5.75,5.15,5.45,5.45,1820.0,0.1
2012-08-31,5.0,5.8,5.0,5.8,5.75,6484.0,0.36
2012-09-03,5.7,5.7,5.7,5.7,5.7,23.0,0.0
2012-09-04,5.7,5.8,5.25,5.25,5.5,1052.0,0.06
2012-09-05,5.7,5.95,5.3,5.55,5.55,2552.0,0.15
2012-09-06,5.85,5.85,5.2,5.75,5.75,677.0,0.04
2012-09-07,5.4,5.85,5.4,5.5,5.5,1190.0,0.07
2012-09-08,5.4,5.4,5.05,5.4,5.4,202.0,0.01
2012-09-10,5.7,5.9,4.85,5.6,5.6,7539.0,0.4
2012-09-11,5.4,5.4,5.3,5.3,5.3,1068.0,0.06
2012-09-12,5.35,5.35,5.35,5.35,5.35,1014.0,0.05
2012-09-13,5.1,5.65,4.85,5.65,5.65,659.0,0.04
2012-09-14,5.95,5.95,5.4,5.4,5.4,2221.0,0.13
2012-09-17,5.8,5.95,5.4,5.9,5.9,14530.0,0.84
2012-09-18,5.7,5.7,5.5,5.55,5.55,998.0,0.06
2012-09-20,5.25,5.75,5.25,5.45,5.45,15486.0,0.83
2012-09-21,5.4,5.95,5.4,5.95,5.95,2362.0,0.14
2012-09-24,5.75,6.4,5.75,6.05,6.25,8108.0,0.51
2012-09-25,6.0,6.65,5.8,6.4,6.25,2574.0,0.16
2012-09-26,6.0,6.4,5.15,5.9,5.75,13093.0,0.75
2012-09-27,5.5,6.3,5.5,5.85,5.85,7841.0,0.46
2012-09-28,5.8,6.2,5.6,6.2,6.2,1274.0,0.08
2012-10-01,6.15,6.3,5.6,5.9,5.8,2908.0,0.17
2012-10-03,6.0,6.2,5.5,6.0,5.8,3247.0,0.19
2012-10-04,5.95,6.2,5.75,6.15,6.15,2007.0,0.12
2012-10-05,5.9,6.2,5.85,5.95,5.95,314.0,0.02
2012-10-08,5.9,6.7,5.65,6.0,6.0,1949.0,0.12
2012-10-09,5.9,6.0,5.7,5.8,5.8,5264.0,0.31
2012-10-10,5.75,6.4,5.4,6.0,5.95,5078.0,0.31
2012-10-11,5.75,6.2,5.5,6.0,6.0,496.0,0.03
2012-10-12,5.85,6.3,5.45,5.7,5.7,3491.0,0.21
2012-10-15,5.6,6.05,5.2,5.95,5.95,2257.0,0.13
2012-10-16,5.7,6.0,5.5,6.0,5.75,4753.0,0.28
2012-10-17,5.6,6.2,5.55,6.2,5.9,1052.0,0.06
2012-10-18,5.6,6.35,5.35,6.1,6.1,2299.0,0.14
2012-10-19,5.65,6.3,5.65,5.85,5.85,1983.0,0.12
2012-10-22,5.9,5.9,5.75,5.75,5.75,1050.0,0.06
2012-10-23,5.75,6.1,5.75,6.1,6.1,100.0,0.01
2012-10-25,5.8,5.95,5.55,5.95,5.95,2383.0,0.14
2012-10-26,5.8,6.0,5.45,5.55,5.65,2940.0,0.17
2012-10-29,6.15,6.2,5.95,5.95,5.95,2100.0,0.13
2012-10-30,5.6,6.0,5.45,5.9,5.9,1183.0,0.07
2012-10-31,5.6,5.9,5.5,5.7,5.7,4137.0,0.23
2012-11-01,5.6,5.8,5.15,5.8,5.8,11.0,0.0
2012-11-02,5.75,5.95,5.2,5.95,5.95,19755.0,1.13
2012-11-05,5.6,5.95,5.4,5.9,5.9,1343.0,0.08
2012-11-06,5.85,6.2,5.55,6.2,6.05,907.0,0.05
2012-11-07,5.7,6.05,5.65,5.65,5.7,1216.0,0.07
2012-11-08,6.1,6.1,5.35,5.8,5.8,4969.0,0.28
2012-11-09,5.5,5.5,5.15,5.45,5.45,16441.0,0.88
2012-11-12,5.05,5.45,5.05,5.45,5.45,192.0,0.01
2012-11-13,5.35,5.8,5.05,5.6,5.6,6.0,0.0
2012-11-15,5.35,5.4,5.35,5.35,5.35,1046.0,0.06
2012-11-16,5.55,5.6,5.2,5.6,5.6,1330.0,0.07
2012-11-19,5.6,5.6,5.2,5.6,5.6,508.0,0.03
2012-11-20,5.4,5.55,5.15,5.55,5.4,4.0,0.0
2012-11-21,5.05,5.4,5.05,5.4,5.4,8.0,0.0
2012-11-22,5.1,5.5,5.05,5.4,5.4,1163.0,0.06
2012-11-23,5.15,5.65,5.1,5.5,5.5,2527.0,0.14
2012-11-26,5.65,5.65,5.15,5.55,5.55,421.0,0.02
2012-11-27,5.55,5.55,5.2,5.2,5.35,3291.0,0.18
2012-11-29,5.1,5.45,5.1,5.4,5.35,1680.0,0.09
2012-11-30,5.6,5.6,5.2,5.4,5.25,2377.0,0.13
2012-12-03,5.55,5.6,5.15,5.6,5.6,406.0,0.02
2012-12-04,5.4,5.8,5.35,5.4,5.4,5940.0,0.33
2012-12-05,5.75,5.8,5.3,5.35,5.35,2440.0,0.14
2012-12-06,5.65,5.8,5.65,5.8,5.8,8050.0,0.46
2012-12-07,5.85,5.95,5.4,5.8,5.8,3614.0,0.21
2012-12-10,5.6,5.6,5.3,5.35,5.4,4015.0,0.22
2012-12-11,5.9,5.9,5.3,5.3,5.3,1424.0,0.08
2012-12-12,5.2,5.25,5.2,5.25,5.25,30.0,0.0
2012-12-13,5.5,5.8,5.45,5.6,5.7,1156.0,0.07
2012-12-14,5.8,5.9,5.5,5.8,5.8,2187.0,0.13
2012-12-17,5.8,5.8,5.65,5.7,5.7,110.0,0.01
2012-12-18,5.5,5.75,5.3,5.75,5.75,1402.0,0.08
2012-12-19,5.7,5.9,5.3,5.6,5.6,2499.0,0.14
2012-12-20,5.5,5.95,5.5,5.6,5.6,5096.0,0.29
2012-12-21,5.55,5.55,5.55,5.55,5.55,200.0,0.01
2012-12-24,5.55,5.75,5.55,5.75,5.75,301.0,0.02
2012-12-26,5.6,5.8,5.3,5.75,5.75,4506.0,0.26
2012-12-27,5.5,5.65,5.4,5.65,5.45,185.0,0.01
2012-12-28,5.2,5.65,5.2,5.45,5.45,1308.0,0.07
2012-12-31,5.25,5.25,5.25,5.25,5.25,200.0,0.01
2013-01-01,5.6,5.7,5.5,5.5,5.5,1152.0,0.06
2013-01-02,5.5,5.5,5.25,5.25,5.25,1193.0,0.06
2013-01-03,5.2,5.6,5.2,5.6,5.55,3019.0,0.17
2013-01-04,5.65,5.65,5.5,5.65,5.65,2517.0,0.14
2013-01-07,5.4,5.65,5.2,5.65,5.65,2966.0,0.17
2013-01-08,5.7,5.75,5.2,5.35,5.25,141.0,0.01
2013-01-09,5.65,5.65,5.3,5.4,5.35,236.0,0.01
2013-01-10,5.35,5.35,5.3,5.3,5.3,980.0,0.05
2013-01-11,5.25,5.6,5.25,5.3,5.35,1311.0,0.07
2013-01-14,5.85,5.85,5.4,5.5,5.5,58.0,0.0
2013-01-15,5.3,5.8,5.25,5.55,5.55,163.0,0.01
2013-01-16,5.3,5.55,5.1,5.55,5.5,1515.0,0.08
2013-01-17,5.3,5.45,5.05,5.05,5.1,4433.0,0.23
2013-01-18,5.15,5.6,5.05,5.55,5.45,5349.0,0.28
2013-01-21,5.5,5.6,5.1,5.1,5.15,3765.0,0.2
2013-01-22,5.0,5.5,4.95,5.05,5.0,1633.0,0.09
2013-01-23,5.1,5.1,4.8,5.0,5.0,5379.0,0.27
2013-01-24,4.95,5.6,4.2,4.25,4.25,18243.0,0.78
2013-01-25,4.1,4.95,3.7,4.15,4.15,1313.0,0.06
2013-01-28,4.05,4.35,3.9,4.0,4.0,3003.0,0.12
2013-01-29,4.0,4.2,4.0,4.0,4.0,2512.0,0.1
2013-01-30,4.4,4.45,4.25,4.45,4.4,5337.0,0.23
2013-01-31,4.25,4.8,3.75,4.1,4.1,1852.0,0.08
2013-02-01,4.05,4.05,4.0,4.05,4.05,1021.0,0.04
2013-02-04,4.0,4.3,3.85,4.3,4.1,1655.0,0.07
2013-02-05,4.0,4.6,3.65,4.45,4.45,3449.0,0.15
2013-02-06,4.3,4.6,4.05,4.55,4.4,319.0,0.01
2013-02-07,4.3,4.55,4.15,4.5,4.45,2730.0,0.12
2013-02-08,4.4,4.6,4.0,4.2,4.2,22240.0,0.97
2013-02-11,4.3,4.45,3.6,4.15,4.15,16007.0,0.64
2013-02-12,4.6,4.6,4.2,4.25,4.25,2902.0,0.12
2013-02-13,4.25,4.35,4.1,4.1,4.15,1719.0,0.07
2013-02-14,4.25,4.25,4.0,4.2,4.2,1655.0,0.07
2013-02-15,4.5,4.5,3.6,4.4,4.4,433.0,0.02
2013-02-18,4.5,4.5,3.8,3.8,3.85,1305.0,0.05
2013-02-19,3.85,4.3,3.45,4.0,4.1,1444.0,0.06
2013-02-20,3.85,4.0,3.75,3.85,3.85,304.0,0.01
2013-02-21,3.7,4.25,3.5,4.25,4.25,1892.0,0.07
2013-02-22,4.0,4.35,3.8,4.35,4.0,1584.0,0.06
2013-02-25,4.35,4.4,3.9,3.9,3.9,3710.0,0.16
2013-02-26,4.35,4.35,3.9,4.15,4.05,36.0,0.0
2013-02-27,4.0,4.25,4.0,4.25,4.25,6.0,0.0
2013-02-28,4.0,4.0,3.55,3.95,3.9,2581.0,0.1
2013-03-01,3.6,4.4,3.3,3.6,4.1,9138.0,0.37
2013-03-04,3.7,4.35,3.5,4.35,4.2,1966.0,0.08
2013-03-05,4.0,4.0,3.45,3.6,3.9,9730.0,0.35
2013-03-06,4.1,4.45,3.8,3.8,3.8,5714.0,0.24
2013-03-07,3.9,3.9,3.75,3.75,3.75,559.0,0.02
2013-03-08,3.7,4.3,3.5,4.0,4.0,781.0,0.03
2013-03-11,4.45,4.5,3.35,4.45,3.9,1814.0,0.07
2013-03-12,3.85,3.85,3.5,3.55,3.55,885.0,0.03
2013-03-13,3.5,4.2,3.2,3.95,3.95,13750.0,0.52
2013-03-14,3.75,4.15,3.65,4.15,4.15,1502.0,0.06
2013-03-15,3.9,4.0,3.5,3.95,3.8,669.0,0.02
2013-03-18,4.25,4.25,3.3,3.55,3.55,540.0,0.02
2013-03-19,3.15,3.8,3.15,3.45,3.45,1300.0,0.04
2013-03-20,3.1,3.25,3.05,3.25,3.25,335.0,0.01
2013-03-21,3.4,3.45,3.35,3.35,3.4,34.0,0.0
2013-03-22,3.4,3.95,2.75,2.75,2.8,5887.0,0.18
2013-03-25,2.8,3.3,2.35,2.65,3.25,5593.0,0.17
2013-03-26,2.65,3.4,2.65,3.35,3.35,1821.0,0.05
2013-03-28,3.5,3.5,2.85,2.85,3.2,2574.0,0.09
2013-04-01,3.5,3.5,3.15,3.45,3.35,4.0,0.0
2013-04-02,3.5,3.65,3.5,3.65,3.65,81.0,0.0
2013-04-03,4.0,4.0,3.5,3.95,3.95,2350.0,0.09
2013-04-04,4.0,4.0,3.6,3.6,3.6,1335.0,0.05
2013-04-05,4.25,4.3,4.2,4.3,4.3,13000.0,0.56
